donor,placebo_effect,placebo_rmspe
DE,0.9825849713106504,0.5360885668683845
FR,-3.9900204938438533,0.8165645528817725
IT,0.726315772697456,2.3572219209185374
AT,0.9419064611138789,1.6829439282460998
NL,1.2347887930790522,1.1359275032619482
