placebo_effect,actual_effect,ratio,placebo_rmspe,actual_rmspe
-0.6523301782005488,-3.1521984013580644,0.2069445178068439,0.41922074983692853,0.5897209448821343
