placebo_effect,actual_effect,ratio,placebo_rmspe,actual_rmspe
-0.6523301119657073,-3.152198657816952,0.2069444799578327,0.4192207498369143,0.589720944867438
