slope,p_value,lower_ci,upper_ci,mean_gap
0.018136550522648183,0.0847802425347648,-0.005184662769869761,0.041457763815166124,-0.8056785365853645
