weights,rmspe_pre,mape_pre,r_squared,ate,ate_yoy,post_periods,variable,variable_name
"{'DE': 0.4834165315427981, 'FR': 0.32382659380914, 'IT': 0.18099540102877293, 'AT': 2.0086713256893387e-11, 'NL': 0.011761473599202321}",1.1920707912981876,0.9481720626655917,0.8827973209689873,-2.5105395654564373,-1.7418620152199595,19,HICP_Total,Headline Inflation
"{'DE': 1.102642064604618e-09, 'FR': 1.1125125478196194e-09, 'IT': 0.29293514972144424, 'AT': 0.40140709524581486, 'NL': 0.30565789851623965}",13.542227399527395,11.451706537322321,0.7329498738793692,-61.511100074814856,,19,CP0451,Electricity Prices
"{'DE': 1.2203483209294574e-09, 'FR': 2.7673936266033192e-11, 'IT': 0.34852819600646956, 'AT': 0.5402779809846788, 'NL': 0.11119382176082925}",4.481954647300752,3.387647052136447,0.9316874221599138,-37.96247437546329,,19,HICP_Energy,Energy Inflation
